{"cameraMode":{"drawMode":0,"name":"Shaded","section":"Shading Mode"},"sceneLighting":false,"audioPlay":false,"sceneViewState":{"showFog":true,"showMaterialUpdate":false,"showSkybox":false,"showFlares":true,"showImageEffects":true,"showParticleSystems":true},"in2DMode":false,"pivot":{"x":0.003677070140838623,"y":0.7879247069358826,"z":0.18635761737823487},"rotation":{"x":0.15123207867145539,"y":0.6001763939857483,"z":-0.11687658727169037,"w":0.7767345309257507},"size":1.4343341588974,"orthographic":false}